"title","semantic_title","link","snippet"
"Manolis Kellis Lab","Manolis Kellis Lab","https://compbio.mit.edu/","We seek to understand the mechanistic basis of human disease using a combination of computational and experimental techniques."
"Manolis Kellis (Kamvysselis)","Manolis Kellis (Kamvysselis)","https://mit.edu/manoli/","Professor, Computer Science, MIT. Head, MIT Computational Biology Group. Associate Member, Broad Institute of MIT and Harvard. Principal Investigator, Computer ..."
"‪Manolis Kellis‬ - ‪Google Scholar‬","‪Manolis Kellis‬ - ‪Google Scholar‬","https://scholar.google.com/citations?user=lsYXBx8AAAAJ&hl=en","Professor of Computer Science, MIT and Broad Institute - ‪‪Cited by 185858‬‬ - ‪Computer Science‬ - ‪Machine Learning‬ - ‪Computational Biology‬ ..."
"Manolis Kellis - Massachusetts Institute of Technology (MIT) | LinkedIn","Manolis Kellis - Massachusetts Institute of Technology (MIT) | LinkedIn","https://www.linkedin.com/in/manolis-kellis","Mar 11, 2020 ... Manolis Kellis is a Professor of Computer Science at MIT, a member of the Broad Institute… · Experience: Massachusetts Institute of ..."
"Manolis Kellis - Wikipedia","Manolis Kellis - Wikipedia","https://en.wikipedia.org/wiki/Manolis_Kellis","Manolis Kellis ... Manolis Kellis (Greek: Μανώλης Καμβυσέλλης; born 1977) is a professor of Computer Science and Computational Biology at the Massachusetts ..."
"Manolis Kellis (@manoliskellis) / X","Manolis Kellis (@manoliskellis) / X","https://x.com/manoliskellis?lang=en","Dissecting disease mechanism. Single-cell, Epigenomics, Regulatory Genomics, Disease Genetics, Brain, Cancer, Metabolism."
"Manolis Kellis - YouTube","Manolis Kellis - YouTube","https://www.youtube.com/@ManolisKellis1","Share your videos with friends, family, and the world."
"Manolis Kellis on X: ""I had a wonderful time chatting with ...","Manolis Kellis on X: ""I had a wonderful time chatting with ...","https://x.com/manoliskellis/status/1855006843988218149","Nov 8, 2024 ... I had a wonderful time chatting with #CurtJaimungal on his Theories of Everything podcast @TOEwithCurt https://t.co/fxqaiXO7Xe We discussed ..."
"Science AMA Series: I'm Manolis Kellis, a professor of computer ...","Science AMA Series: I'm Manolis Kellis, a professor of computer ...","https://www.reddit.com/r/science/comments/4pmivr/science_ama_series_im_manolis_kellis_a_professor/","Jun 24, 2016 ... I'm Manolis Kellis, a professor of computer science at MIT studying the human genome to learn about what causes obesity, Alzheimer's, cancer and other ..."
"Manolis Kellis - YouTube","Manolis Kellis - YouTube","https://www.youtube.com/@ManolisKellis1/videos","Manolis Kellis · Lecture23 - Computational Metabolomics - MLCB24 · Lecture22 - Metabolic Modeling - MLCB24 · Lecture21 - Evolution - MLCB24 · Lecture20 - ..."
"Manolis Kellis - YouTube","Manolis Kellis - YouTube","https://www.youtube.com/@ManolisKellis1/videos","Manolis Kellis · Lecture23 - Computational Metabolomics - MLCB24 · Lecture22 - Metabolic Modeling - MLCB24 · Lecture21 - Evolution - MLCB24 · Lecture20 - ..."
"Manolis Kellis on X: ""So sad to see #bullies harming multiple fields ...","Manolis Kellis on X: ""So sad to see #bullies harming multiple fields ...","https://twitter.com/manoliskellis/status/1669793057091522566","Jun 16, 2023 ... So sad to see #bullies harming multiple fields of science. Quote: ""I'm blocking him until he learns how: - to disagree without being an ..."
"Manolis Kellis – Cure Alzheimer's Fund","Manolis Kellis – Cure Alzheimer's Fund","https://curealz.org/researchers/manolis-kellis/","Manolis Kellis is a professor of computer science at MIT, a member of the Broad Institute of MIT and Harvard, a member of the Computer Science and."
"Manolis Kellis on X: ""Really enjoyed my conversation with ...","Manolis Kellis on X: ""Really enjoyed my conversation with ...","https://twitter.com/manoliskellis/status/1735297268604166192","Dec 14, 2023 ... MIT professor @manoliskellis discusses the ways #AI is decoding DNA and transforming medical research, the exponential growth of technological progress."
"Manolis Kellis – MIT EECS","Manolis Kellis – MIT EECS","https://www.eecs.mit.edu/people/manolis-kellis/","Manolis Kellis, Professor of CS, [AI+D and CS], manoli@mit.edu, (617) 253-2419, Office: 32-G564, Website, Research Areas"
"Manolis Kellis - CV","Manolis Kellis - CV","https://www.genome.gov/sites/default/files/genome-old/pages/About/NACHGR/2004NACHGRAgenda/TabEKellisCV.pdf","Aug 28, 2003 ... Manolis Kellis – Page 1/4. Manolis Kellis (Kamvysselis). MIT Center for Genome Research. 320 Charles St. NE125-2164. Cambridge MA 02142. Phone ..."
"Prof. Manolis Kellis: Combining computer science with biology | MIT ...","Prof. Manolis Kellis: Combining computer science with biology | MIT ...","https://mitadmissions.org/blogs/entry/prof_manolis_kellis_combining_1/","Sep 16, 2006 ... An interview with Manolis Kellis, Assistant Professor of Computer Science, who was honored as one of Technology Review's Top 35 Innovators Under 35."
"Study: Movement disorder ALS and cognitive disorder FTLD show ...","Study: Movement disorder ALS and cognitive disorder FTLD show ...","https://news.mit.edu/2024/als-ftld-show-strong-molecular-overlaps-0322","Mar 22, 2024 ... “We focused on two brain regions that we expected would be differentially affected between the two disorders,” says Manolis Kellis, co ..."
"""The network nonsense of Manolis Kellis"". Lior Pachter Critiquing a ...","""The network nonsense of Manolis Kellis"". Lior Pachter Critiquing a ...","https://www.reddit.com/r/bioinformatics/comments/1xmdzn/the_network_nonsense_of_manolis_kellis_lior/","Feb 12, 2014 ... Comments Section ... It seems that pachter is objecting to the existence of arbitrary parameters in the model, and the tuning thereof to get ..."
"Single-cell dissection of the obesity-exercise axis in adipose-muscle ...","Single-cell dissection of the obesity-exercise axis in adipose-muscle ...","https://pubmed.ncbi.nlm.nih.gov/36198295/","Oct 4, 2022 ... ... Manolis Kellis. Affiliations. 1 Computer Science and Artificial Intelligence Laboratory, Massachusetts Institute of Technology, Cambridge ..."
"Manolis Kellis | VIB Conferences","Manolis Kellis | VIB Conferences","https://www.vibconferences.be/speaker/manolis-kellis","He is a Professor of Computer Science at MIT, an Institute Member of the Broad Institute of MIT and Harvard,a Principal Investigator of the Computer Science and ..."
"Why I read the network nonsense papers | Bits of DNA","Why I read the network nonsense papers | Bits of DNA","https://liorpachter.wordpress.com/2014/02/12/why-i-read-the-network-nonsense-papers/","Feb 12, 2014 ... Manolis Kellis is not just any scientist. He has, and continues to ... Manolis Kellis played a role in these investigations. Perhaps ..."
"Manolis Kellis – Welcome to the MIT Computational and Systems ...","Manolis Kellis – Welcome to the MIT Computational and Systems ...","https://csbphd.mit.edu/faculty/manolis-kellis/","Research Areas: Cancer Systems Biology, Evolutionary and Computational Biology, Precision Medicine and Medical Genomics, Regulatory Genomics, Epigenomics, and ..."
"Five Questions for Manolis Kellis | Broad Institute","Five Questions for Manolis Kellis | Broad Institute","https://www.broadinstitute.org/blog/five-questions-manolis-kellis","Dec 23, 2010 ... Manolis Kellis is an associate member at the Broad Institute and has led the integrative analysis effort for the complete fruit fly genome. A ..."
"Manolis Kellis - Biosketch","Manolis Kellis - Biosketch","https://web.mit.edu/manoli/www/manoli.html","Manolis Kellis is a Full Professor of Computer Science and Artificial Intelligence at MIT, a member of the Computer Science and Artificial Intelligence ..."
"Single-cell multiregion dissection of Alzheimer's disease | Nature","Single-cell multiregion dissection of Alzheimer's disease | Nature","https://www.nature.com/articles/s41586-024-07606-7","Jul 24, 2024 ... Manolis Kellis ORCID: orcid.org/0000-0001-7113-9630. Show authors. Nature volume 632, pages 858–868 (2024)Cite this article. 102k Accesses."
"Dr Manolis Kellis: AIIts foundations, and Impact on Science ...","Dr Manolis Kellis: AIIts foundations, and Impact on Science ...","https://wna.org/dr-manolis-kellis-aiits-foundations-and-impact-on-science-collaboration-innovation-and-education/","Dr. Kellis's groundbreaking research at MIT and the Broad Institute of MIT and Harvard intersects biology, machine learning, and data science."
"Understanding the Science of Disease Through Human Genome ...","Understanding the Science of Disease Through Human Genome ...","https://cap.csail.mit.edu/podcasts/understanding-science-disease-through-human-genome-research","MIT CSAIL Professor Manolis Kellis discusses how the symbiotic relationship between computer science and biology helps us to better understand the complex ..."
"Single-cell dissection of the human motor and prefrontal cortices in ...","Single-cell dissection of the human motor and prefrontal cortices in ...","https://www.cell.com/cell/abstract/S0092-8674(24)00234-4","5,8 veronique.belzil@vumc.org ∙ Manolis Kellis. Manolis Kellis. Correspondence. Corresponding author. manoli@mit.edu. Affiliations. Department of Electrical ..."
"Single-cell multi-cohort dissection of the schizophrenia ...","Single-cell multi-cohort dissection of the schizophrenia ...","https://www.medrxiv.org/content/10.1101/2022.08.31.22279406v1","Sep 2, 2022 ... Hoffman, Panos Roussos, View ORCID ProfileManolis Kellis. doi: https ... ↵13 Co-senior authors: Panos Roussos, Manolis Kellis. Data ..."
"Manolis KELLIS | Professor (Full) | PhD, MEng, BSc | Massachusetts ...","Manolis KELLIS | Professor (Full) | PhD, MEng, BSc | Massachusetts ...","https://www.researchgate.net/profile/Manolis-Kellis","Manolis Kellis is a Professor of Computer Science at MIT, a member of the Broad Institute of MIT and Harvard, and a member of the Computer Science and ..."
"Manolis Kellis - dblp","Manolis Kellis - dblp","https://dblp.org/pid/75/2690","Jan 30, 2025 ... List of computer science publications by Manolis Kellis."
"Single-cell dissection of the obesity-exercise axis in adipose-muscle ...","Single-cell dissection of the obesity-exercise axis in adipose-muscle ...","https://www.sciencedirect.com/science/article/pii/S1550413122003941","Oct 4, 2022 ... ... Manolis Kellis (manoli@mit.edu ). Materials availability. This study did not generate new unique materials. Experimental model and subject ..."
"Manolis Kellis, PhD • School of Natural and Social Sciences ...","Manolis Kellis, PhD • School of Natural and Social Sciences ...","https://www.purchase.edu/live/profiles/6284-manolis-kellis-phd","Disease-associated nucleotides lie primarily in non-coding regions, increasing the urgency of understanding how gene-regulatory circuitry impacts human di."
"Boston Health Innovation Night with MIT's Manolis Kellis ...","Boston Health Innovation Night with MIT's Manolis Kellis ...","https://www.eventbrite.com/e/boston-health-innovation-night-with-mits-manolis-kellis-registration-1032081552707","Eventbrite - Steven Wardell presents Boston Health Innovation Night with MIT's Manolis Kellis - Thursday, January 23, 2025 at Liberty Lobby Bar, Boston, MA."
"#113 - Manolis Kellis: Human Genome and Evolutionary Dynamics ...","#113 - Manolis Kellis: Human Genome and Evolutionary Dynamics ...","https://lexfridman.com/manolis-kellis/","Jul 31, 2020 ... #113 – Manolis Kellis: Human Genome and Evolutionary Dynamics ... Manolis Kellis is a professor at MIT and head of the MIT Computational Biology ..."
"Manolis Kellis | Semantic Scholar","Manolis Kellis | Semantic Scholar","https://www.semanticscholar.org/author/Manolis-Kellis/2809250","Semantic Scholar profile for Manolis Kellis, with 6724 highly influential citations and 394 scientific research papers."
"#373 – Manolis Kellis: Evolution of Human Civilization and ...","#373 – Manolis Kellis: Evolution of Human Civilization and ...","https://open.spotify.com/episode/3D1wc2Xucsmw1W8OMcUBmR","Apr 21, 2023 ... Listen to this episode from Lex Fridman Podcast on Spotify. Manolis Kellis is a computational biologist at MIT. Please support this podcast ..."
"Manolis Kellis","Manolis Kellis","https://www.facebook.com/manolik/","Manolis Kellis is on Facebook. Join Facebook to connect with Manolis Kellis and others you may know. Facebook gives people the power to share and makes..."
"FTO Obesity Variant Circuitry and Adipocyte Browning in Humans ...","FTO Obesity Variant Circuitry and Adipocyte Browning in Humans ...","https://pmc.ncbi.nlm.nih.gov/articles/PMC4959911/","Aug 19, 2015 ... Manolis Kellis, Ph.D. Find articles by Manolis Kellis. Author information; Article notes; Copyright and License information."
"Book: Computational Biology - Genomes, Networks, and Evolution ...","Book: Computational Biology - Genomes, Networks, and Evolution ...","https://bio.libretexts.org/Bookshelves/Computational_Biology/Book%3A_Computational_Biology_-_Genomes_Networks_and_Evolution_(Kellis_et_al.)","Jan 3, 2021 ... ... (Kellis et al.) is shared under a CC BY-NC-SA 4.0 license and was authored, remixed, and/or curated by Manolis Kellis et al. (MIT ..."
"Manolis Kellis, Epigenetics, and the Future of Fighting Disease","Manolis Kellis, Epigenetics, and the Future of Fighting Disease","https://www.bio-itworld.com/news/2012/05/09/manolis-kellis-epigenetics-and-the-future-of-fighting-disease","May 9, 2012 ... Manolis Kellis, professor of computer science at MIT, addressed the Bio-IT World Conference on efforts to revolutionize the study of human disease."
"Manolis Kellis - MIT Ibn Khaldun Fellowship","Manolis Kellis - MIT Ibn Khaldun Fellowship","https://ibk.mit.edu/person/manolis-kellis/","Manolis Kellis. Research Area. Genomics. MIT AFFILIATION. CSAIL. WEBSITE: https://mit.edu/manoli/ · Publication Summary. IBK Fellows Supervised:."
"STAGE ISSS: Manolis Kellis","STAGE ISSS: Manolis Kellis","https://canssiontario.utoronto.ca/event/stage-isss-manolis-kellis/","Manolis Kellis is a professor of computer science at MIT, a member of the Broad Institute of MIT and Harvard, a principal investigator of the Computer Science ..."
"Is it OK if AI surpasses humans?","Is it OK if AI surpasses humans?","https://www.bostonglobe.com/2023/12/14/opinion/ai-machines-humans-manolis-kellis-mit/","Dec 14, 2023 ... Manolis Kellis is an MIT professor who is doing groundbreaking work in human biology. He's exploring how genes work at the most fundamental ..."
"Thank you Manolis Kellis for joining the BRA Morning Zoom | Boston ...","Thank you Manolis Kellis for joining the BRA Morning Zoom | Boston ...","https://bradvisors.com/thank-you-manolis-kellis-for-joining-the-bra-morning-zoom/","May 5, 2024 ... Thank you Manolis Kellis for joining the BRA Morning Zoom ... Manolis Kellis, a Computational Biology Professor at MIT took us all to school as he ..."
"MIT Prof. Manolis Kellis in Brno | Protein Engineering Group","MIT Prof. Manolis Kellis in Brno | Protein Engineering Group","https://loschmidt.chemi.muni.cz/peg/mit-prof-manolis-kellis-in-brno/","Prof. Manolis Kellis from MIT and Harvard gave a lecture in the Mendel Museum in Brno. The talk From Genomics To Therapeutics: Uncovering And Manipulating The ..."
"Books by Manolis Kellis (Author of Computational comparative ...","Books by Manolis Kellis (Author of Computational comparative ...","https://www.goodreads.com/author/list/8088029.Manolis_Kellis","Manolis Kellis has 1 book on Goodreads with 46 ratings. Manolis Kellis's most popular book is Computational comparative genomics: genes, regulation, evol..."
"Manolis Kellis | Speaking Fee | Booking Agent","Manolis Kellis | Speaking Fee | Booking Agent","https://www.allamericanspeakers.com/speakers/456896/Manolis-Kellis","May 30, 2024 ... He has helped direct several large-scale genomics projects, including the Roadmap Epigenomics project, the Encyclopedia of DNA Elements (ENCODE) ..."
"‪Manolis Kellis‬ - ‪Google Scholar‬","‪Manolis Kellis‬ - ‪Google Scholar‬","https://scholar.google.com.hk/citations?user=lsYXBx8AAAAJ&hl=th","Professor of Computer Science, MIT and Broad Institute - ‪‪อ้างอิงโดย 185704 รายการ‬‬ - ‪Computer Science‬ - ‪Machine Learning‬ - ‪Computational Biology‬ ..."
"‪Manolis Kellis‬ - ‪Google Scholar‬","‪Manolis Kellis‬ - ‪Google Scholar‬","https://scholar.google.com.hk/citations?user=lsYXBx8AAAAJ&hl=th","Professor of Computer Science, MIT and Broad Institute - ‪‪อ้างอิงโดย 185704 รายการ‬‬ - ‪Computer Science‬ - ‪Machine Learning‬ - ‪Computational Biology‬ ..."
"Defining functional DNA elements in the human genome | PNAS","Defining functional DNA elements in the human genome | PNAS","https://www.pnas.org/doi/10.1073/pnas.1318948111","Defining functional DNA elements in the human genome. Manolis Kellis manoli@mit.edu, Barbara Wold, Michael P. Snyder, +26 , Bradley E. Bernstein, Anshul ..."
"STAGE International Speaker Seminar Series (ISSS) with Manolis ...","STAGE International Speaker Seminar Series (ISSS) with Manolis ...","https://www.dlsph.utoronto.ca/event/stage-international-speaker-seminar-series-isss-with-manolis-kellis/","Join us for the next instalment of the STAGE International Speaker Seminar Series (ISSS) with Dr. Manolis Kellis, Professor, MIT Computer Science and ..."
"Open Lecture with MIT Prof. Manolis Kellis · Translational ...","Open Lecture with MIT Prof. Manolis Kellis · Translational ...","https://masterteam.ntua.gr/other/2023/10/30/open-lecture-kellis","Oct 30, 2023 ... Open Lecture with MIT Prof. Manolis Kellis. We are thrilled to invite you for an open lecture at the National Technical University of Athens ( ..."
"When Exactly Did @ManolisKellis Become a Crook ...","When Exactly Did @ManolisKellis Become a Crook ...","https://www.tumblr.com/judgestarling/117166659421/when-exactly-did-manoliskellis-become-a-crook","We know that Manolis Kellis was a honest scientist in 2007. We know that because he is a coauthor of a very solid paper that used evolutionary principles to ..."
"MIT CompBio Group · GitHub","MIT CompBio Group · GitHub","https://github.com/KellisLab","Manolis Kellis Lab at MIT and Broad Institute. 53 followers; United States of America; http://compbio.mit.edu · @manoliskellis."
"This week, four Upper School Class 11 students presented the work ...","This week, four Upper School Class 11 students presented the work ...","https://www.instagram.com/dextersouthfield/p/C7W_VN3MzVT/","May 24, 2024 ... ... Manolis Kellis of the Computer Science and Artificial Intelligence Lab at MIT @mit_csail. With varied previous experience in coding, these ..."
"Manolis Kellis, PhD","Manolis Kellis, PhD","https://wewillcure.com/events/speakers/manolis-kellis-phd","Manolis Kellis, PhD, is a professor of computer science and artificial intelligence at MIT and leads the MIT Computational Biology Group at MIT CSAIL and ..."
"Bayesian Approach for Fast and Accurate Gene Tree Reconstruction ...","Bayesian Approach for Fast and Accurate Gene Tree Reconstruction ...","https://academic.oup.com/mbe/article/28/1/273/980067","Jul 25, 2010 ... Manolis Kellis. Manolis Kellis *. 1Computer Science and Artificial Intelligence Laboratory, Massachusetts Institute of Technology. 2Broad ..."
"Bioethics and Orthodoxy Series | Constantine S. Psimopoulos","Bioethics and Orthodoxy Series | Constantine S. Psimopoulos","https://scholar.harvard.edu/constantine/bioethics-and-orthodoxy-series","Manolis Kellis from MIT (in Greek), a leading scientist in AI and an Orthodox Christian (parishioner at Sts. Constantine and Helen in Cambridge), who was ..."
"Gene finding using multiple related species: a classification ...","Gene finding using multiple related species: a classification ...","https://onlinelibrary.wiley.com/doi/abs/10.1002/047001153X.g402319","Jul 15, 2005 ... Manolis Kellis,. Manolis Kellis. MIT Broad Institute for Biomedical Research, Cambridge, MA, USA. Search for more papers by this author."
"PhyloCSF: a comparative genomics method to distinguish protein ...","PhyloCSF: a comparative genomics method to distinguish protein ...","http://dspace.mit.edu/handle/1721.1/72566?show=full","... Kellis, Manolis. dc.date.accessioned, 2012-09-07T15:10:16Z ... dc.identifier.citation, Lin, Michael F., Irwin Jungreis, and Manolis Kellis. “PhyloCSF: a ..."
"ChromHMM: automating chromatin-state discovery and ...","ChromHMM: automating chromatin-state discovery and ...","https://dspace.mit.edu/handle/1721.1/87104?show=full","dc.contributor.author, Ernst, Jason. dc.contributor.author, Kellis, Manolis. dc.date.accessioned, 2014-05-22T18:17:13Z. dc.date.available, 2014-05-22T18:17: ..."
"GEO Accession viewer","GEO Accession viewer","https://www.ncbi.nlm.nih.gov/geo/query/acc.cgi?acc=GSM7093352","Sep 28, 2023 ... Manolis Kellis. Organization name, MIT. Department, EECS. Street address, 32 Vassar St. D524. City, Cambridge. State/province, MA. ZIP/Postal ..."
"Evidence of a recombination rate valley in human regulatory ...","Evidence of a recombination rate valley in human regulatory ...","https://www.biorxiv.org/content/10.1101/048827.full","Apr 15, 2016 ... Yaping Liu, Abhishek Sarkar, Manolis Kellis. doi: https://doi.org/10.1101/048827. This article is a preprint and has not been certified by ..."
"Uncovering explanatory power of large-scale expression data ...","Uncovering explanatory power of large-scale expression data ...","https://smc-datachallenge.ornl.gov/wp-content/uploads/2017/06/SMC2017-DataChallenge-01.pdf","Hirschhorn, Manolis Kellis, Daniel G. MacArthur, Gad Getz, Andrey A. Shabalin,. Gen Li, Yi-Hui Zhou, Andrew B. Nobel, Ivan Rusyn, Fred A. Wright, Tuuli ..."
"Breaking the Code: Unlocking the Secrets in the Human Epigenome ...","Breaking the Code: Unlocking the Secrets in the Human Epigenome ...","https://endocrinenews.endocrine.org/august-2015-epigenome/","... Manolis Kellis, PhD, a professor of computer science at MIT, Cambridge, Mass., and the leader of this integrative analysis. Kellis' team of bioinformatics ..."
"Manolis Kellis: End of evolution: transforming medicine through AI to ...","Manolis Kellis: End of evolution: transforming medicine through AI to ...","https://www.ted.com/talks/manolis_kellis_end_of_evolution_transforming_medicine_through_ai_to_reverse_disease","Jan 21, 2022 ... We marvel at the wonders of evolution and at its simplicity, but evolution is also messy, inefficient, and brutal. MIT Professor Manolis ..."
"Journal of Computational Biology | Vol 20, No 5","Journal of Computational Biology | Vol 20, No 5","https://www.liebertpub.com/toc/cmb/20/5","... Manolis Kellis, and Gustavo StolovitzkyPrefaceFULL ACCESS. Preface: RECOMB Systems Biology, Regulatory Genomics, and DREAM 2012 Special Issue · Andrea Califano ..."
"Metabolic resilience is encoded in genome plasticity - Lund University","Metabolic resilience is encoded in genome plasticity - Lund University","https://portal.research.lu.se/en/publications/metabolic-resilience-is-encoded-in-genome-plasticity","Franks, Burak Kutlu, Kevin Grove, Teresa Femenia, Manolis Kellis. Genetic and Molecular Epidemiology · EXODIAB: Excellence of Diabetes Research in Sweden ..."
"Metabolic resilience is encoded in genome plasticity - Lund University","Metabolic resilience is encoded in genome plasticity - Lund University","https://portal.research.lu.se/en/publications/metabolic-resilience-is-encoded-in-genome-plasticity","Franks, Burak Kutlu, Kevin Grove, Teresa Femenia, Manolis Kellis. Genetic and Molecular Epidemiology · EXODIAB: Excellence of Diabetes Research in Sweden ..."
"Volume 5, issue 5 | Genome Biology","Volume 5, issue 5 | Genome Biology","https://link.springer.com/journal/13059/volumes-and-issues/5-5","Manolis Kellis. Content type: Meeting report; Published: 30 April 2004; Article: 324. Discovering the seeds of diversity in plant genomes. Authors. James A ..."
"MIT faculty, alumni cited as top young innovators in Technolo...","MIT faculty, alumni cited as top young innovators in Technolo...","https://edboyden.org/06.09.tr35.comment.mitnewsoffice.pdf","Oct 21, 2006 ... The MIT faculty to receive the award are Manolis Kellis, Marin Soljacic, and Alice Ting. Kellis is an assistant professor in the Department ..."
"Schema for Broad ChromHMM - ENCODE Chromatin State ...","Schema for Broad ChromHMM - ENCODE Chromatin State ...","https://genome.ucsc.edu/cgi-bin/hgTables?db=hg18&hgta_group=regulation&hgta_track=wgEncodeBroadHmm&hgta_table=wgEncodeBroadHmmNhekHMM&hgta_doSchema=describe+table+schema","... Manolis Kellis's Computational Biology group at the Massachusetts Institute of Technology. Contact: Jason Ernst. Data generation and analysis was supported ..."
"Mathematics for Biologists - Biology Textbooks: Library Subscription ...","Mathematics for Biologists - Biology Textbooks: Library Subscription ...","https://libguides.uml.edu/c.php?g=650098&p=4623622","May 2, 2016 ... Updated 2021 by Manolis Kellis et al. An MIT Open course. Covers the algorithmic and machine learning foundations of computational biology ..."
"Elucidation of codon usage signatures across the domains of life ...","Elucidation of codon usage signatures across the domains of life ...","https://cea.hal.science/cea-04309465","Nov 27, 2023 ... ... Manolis Kellis (1, 4). Afficher plus de détails. 1 CSAIL - Computer Science and Artificial Intelligence Laboratory [Cambridge] 2 Garvan ..."
"HOPI HOEKSTRA OLIVIA HARRINGMEYER","HOPI HOEKSTRA OLIVIA HARRINGMEYER","https://evogen.hms.harvard.edu/sites/evogen.hms.harvard.edu/files/inline-files/Jan2022_Hoekstra_Harringmeyer_BEGS.pdf","Jan 14, 2022 ... ... Shamil Sunyaev, Hopi Hoekstra, Gonzalo Giribet, John Wakeley, James Mallet, Manolis Kellis. Boston. Evolutionary. Genomics. Supergroup. ML."
"Sean Eddy","Sean Eddy","https://evogen.hms.harvard.edu/sites/evogen.hms.harvard.edu/files/inline-files/EddyS_October2_2015.pdf","Oct 2, 2015 ... ... Manolis Kellis, Gonzalo Giribet, James Mallet. Boston. Evolutionary genomics. Supergroup. 2015. “Sequence homology searches: the future of ..."
"MARCH 9, 9AM NRB 350","MARCH 9, 9AM NRB 350","https://evogen.hms.harvard.edu/sites/evogen.hms.harvard.edu/files/inline-files/9March2018_Yang_Rannala.pdf","Mar 9, 2018 ... David Reich, Hopi Hoekstra, Shamil Sunyaev, John Wakeley, Gonzalo Giribet, James Mallet, Manolis Kellis. Contact: michelle_lee@hms.harvard."
"IX CRG Annual Symposium ""Medical Genome Sequencing ...","IX CRG Annual Symposium ""Medical Genome Sequencing ...","https://www.crg.eu/en/event/ix-crg-annual-symposium-medical-genome-sequencing-understanding-genomes-disease","Manolis Kellis, Massachussets Institute of Technology and Broad Institute, USA ""Disease epigenomics: Interpreting disease-associated non-coding variants ..."
"Bostontechmom - An upcoming data science and AI virtual ...","Bostontechmom - An upcoming data science and AI virtual ...","https://m.facebook.com/story.php/?story_fbid=1115890440540668&id=100063591669297","Created in partnership with MIT AI Professor Manolis Kellis, this workshop will be taught by peer students from Professor Kellis' team. Cost: $40. Thu ..."
"Study across multiple brain regions discerns Alzheimer's ...","Study across multiple brain regions discerns Alzheimer's ...","https://bcs.mit.edu/news/study-across-multiple-brain-regions-discerns-alzheimers-vulnerability-and-resilience-factors","Jul 24, 2024 ... Co-senior author Manolis Kellis, professor of computer science and ... Kellis. “Connecting this information with the cognitive state of ..."
"Videos from 13w5083: Statistical Data Integration Challenges in ...","Videos from 13w5083: Statistical Data Integration Challenges in ...","https://www.birs.ca/events/2013/5-day-workshops/13w5083/videos","Manolis Kellis, Massachusetts Institute of Technology and Broad Institute ... Video: Manolis Kellis, ""Regulatory and systems genomics of complex traits and ..."
"Peer review in Multiple knockout mouse models reveal lincRNAs are ...","Peer review in Multiple knockout mouse models reveal lincRNAs are ...","https://elifesciences.org/articles/01749/peer-reviews","Manolis Kellis · Ronald P Hart · David M Valenzuela · Paola Arlotta Is a corresponding author; John L Rinn Is a corresponding author; et al. expand author list."
"An Overview of Best Practices for Transposable Element ...","An Overview of Best Practices for Transposable Element ...","https://experiments.springernature.com/articles/10.1007/978-1-0716-2883-6_1","Author Email & Manolis Kellis Author Email , 2017, Nature Protocols. Show more related articles. CRM Discovery Beyond Model Insects. Majid Kazemian Author ..."
"Video: Manolis Kellis, ""Regulatory and systems genomics of ...","Video: Manolis Kellis, ""Regulatory and systems genomics of ...","http://www.birs.ca/events/2013/5-day-workshops/13w5083/videos/watch/201308131637-Kellis.html","Aug 13, 2013 ... Manolis Kellis speaking at BIRS workshop, Statistical Data Integration Challenges in Computational Biology: Regulatory Networks and ..."
"The ENCODE Imputation Challenge: a critical assessment of ...","The ENCODE Imputation Challenge: a critical assessment of ...","https://discovery.dundee.ac.uk/en/publications/the-encode-imputation-challenge-a-critical-assessment-of-methods-","Apr 18, 2023 ... Seth Strattan, Bradley Bernstein, Michael Snyder, Manolis Kellis, William Stafford, Anshul Kundaje Show 23 more. Show less. Computational ..."
"Author Correction: Combined burden and functional impact tests for ...","Author Correction: Combined burden and functional impact tests for ...","https://cris.maastrichtuniversity.nl/en/publications/author-correction-combined-burden-and-functional-impact-tests-for/publications/","... Manolis Kellis, Ekta Khurana, PCAWG Consortium, PCAWG Drivers and Functional Interpretation Working Group, David Townend, Lincoln D. Stein* Show 34 more"
"Disrupting CD38-driven T cell dysfunction restores sensitivity to ...","Disrupting CD38-driven T cell dysfunction restores sensitivity to ...","https://pure.au.dk/portal/en/publications/disrupting-cd38-driven-t-cell-dysfunction-restores-sensitivity-to","Mar 26, 2024 ... ... Manolis Kellis, Genevieve M Boland, Keren Yizhak, Jiekun Yang, Naama Kanarek, Moshe Sade-Feldman, Nir Hacohen, Russell W Jenkins Show 30 ..."
"SARS-CoV-2 variants evolve convergent strategies to remodel the ...","SARS-CoV-2 variants evolve convergent strategies to remodel the ...","https://www.crick.ac.uk/research/publications/sars-cov-2-variants-evolve-convergent-strategies-to-remodel-the-host-response","Sep 21, 2023 ... ... Manolis Kellis Ignacia Echeverria Kliment Verba Paola Bonfanti Pedro Beltrao Roded Sharan Jennifer A Doudna Luis Martinez-Sobrido Arvind H ..."
"Evolution of enhanced innate immune evasion by SARS-CoV-2 | Crick","Evolution of enhanced innate immune evasion by SARS-CoV-2 | Crick","https://www.crick.ac.uk/research/publications/evolution-of-enhanced-innate-immune-evasion-by-sars-cov-2","Dec 23, 2021 ... ... Manolis Kellis Danielle L Swaney Adolfo García-Sastre Clare Jolly Greg J Towers Nevan J Krogan. Toggle all authors (43). Scroll for detail on ..."
": Publication 2693",": Publication 2693","https://biobank.ctsu.ox.ac.uk/crystal/pub.cgi?id=2693","Jan 14, 2019 ... Manolis Kellis; Charles Kooperberg; Peter Kraft; Kenneth S. Krauter; Markku Laakso; Penelope A. Lind; Anu Loukola; Sharon M. Lutz; Pamela A. F. ..."
"Archive | Seminar Series","Archive | Seminar Series","https://seminarseries.muni.cz/life-sciences/archive","Manolis Kellis – Computer Science & Artificial Intelligence Lab and the Broad Institute of MIT and Harvard, USA; Czech Centre for Phenogenomics - the gate to ..."
": Publication 8466",": Publication 8466","https://biobank.ndph.ox.ac.uk/ukb/pub.cgi?id=8466","Apr 24, 2017 ... Manolis Kellis; Zoltan Kutalik; Genevieve LaChance; Diether Lambrechts; Claudia Langenberg; Lenore J Launer; Joop S E Laven; Stefania Lenarduzzi ..."
"Research - The Mangul Lab","Research - The Mangul Lab","https://mangul-lab-usc.github.io/research/?search=%22Aaron%20Karlsberg%22","... Manolis Kellis, Muhammad G. Kibriya, Jin Billy Li, Qin Li, Shin Lin, Sandra E. Linder, Stephen B. Montgomery, Meritxell Oliva, Yongjin Park, Brandon L ..."
